<?xml version="1.0" encoding="UTF-8" standalone="yes"?>
<manifest>
  <control namespace="GBB" constructor="ToastNotificationComponent" version="0.0.12" display-name-key="ToastNotificationComponent" description-key="ToastNotificationComponent description" control-type="standard" api-version="1.2.3">
    <property name="Content" display-name-key="Content" description-key="Content" of-type="SingleLine.Text" usage="input" required="true"/>
    <property name="StartAnimationToken" display-name-key="StartAnimationToken" description-key="StartAnimationToken" of-type="SingleLine.Text" usage="input"/>
    <property name="Duration" display-name-key="Duration" description-key="Duration" of-type="Whole.None" usage="input"/>
    <property name="Dismissible" display-name-key="Dismissible" description-key="Dismissible" of-type="TwoOptions" usage="input"/>
    <property name="NotificationType" display-name-key="NotificationType" description-key="NotificationType" usage="input" of-type="Enum" required="false">
      <value name="Success" display-name-key="Success" description-key="Success" default="true">Success</value>
      <value name="Error" display-name-key="Error" description-key="Error">Error</value>
      <value name="Info" display-name-key="Info" description-key="Info">Info</value>
      <value name="Teams" display-name-key="Teams" description-key="Teams">teams</value>
    </property>
    <property name="HorizontalAlginment" display-name-key="X" description-key="HorizontalAlginment" usage="input" of-type="Enum" required="false">
      <value name="Left" display-name-key="Lef" description-key="Left" default="true">left</value>
      <value name="Center" display-name-key="Center" description-key="Center">center</value>
      <value name="Right" display-name-key="Right" description-key="Right">right</value>
    </property>
    <property name="VerticalAlginment" display-name-key="X" description-key="VerticalAlginment" usage="input" of-type="Enum" required="false">
      <value name="Top" display-name-key="Top" description-key="Top" default="true">top</value>
      <value name="Center" display-name-key="Center" description-key="Center">center</value>
      <value name="Bottom" display-name-key="Bottom" description-key="Bottom">bottom</value>
    </property>
    <property name="OffsetY" display-name-key="OffsetY" description-key="OffsetY" of-type="Whole.None" usage="input"/>
    <property name="OffsetX" display-name-key="OffsetX" description-key="OffsetX" of-type="Whole.None" usage="input"/>
    <resources>
      <code path="bundle.js" order="1"/>
      <css path="css/notyf.min.css" order="1"/>
      <css path="css/style.css" order="1"/>
    </resources>
    <built-by name="pac" version="1.3.6"/>
  </control>
</manifest>